/order_page /order_page.html 200
/checkout /checkout.html 200
/thankyou /thankyou.html 200
/pookie /pookie.html 200
/menu-admin /menu-admin.html 200
/pincodes-admin /pincodes-admin.html 200
/settings /settings.html 200
/privacy /privacy.html 200
/terms /terms.html 200
/refund /refund.html 200
/contact /contact.html 200
